prefijo,n_codes,codes,net_std_change,gross_up,gross_down,churn,largest_rise,largest_rise_code,largest_fall,largest_fall_code,reciprocity_flag
30,7,30A|30B|30C|30D|30E|30F|30Z,-6.2715,0.2,6.4715,0.2,0.2,30A,-1.7112,30Z,False
49,6,49A|49B|49C|49D|49E|49Z,-5.0358,0,5.0358,0,0.0,,-4.7039,49B,False
51,7,51A|51B|51C|51D|51E|51F|51Z,-4.5957,0.1636,4.7593,0.1636,0.1615,51E,-3.5976,51Z,False
21,7,21A|21B|21C|21D|21E|21F|21Z,-4.346,0.185,4.531,0.185,0.1834,21F,-4.4735,21C,False
29,4,29A|29B|29D|29Z,-3.944,0.8048,4.7488,0.8048,0.8048,29B,-4.3255,29D,False
48,8,48A|48B|48C|48D|48E|48F|48G|48Z,-3.4211,0.2378,3.6589,0.2378,0.2297,48F,-2.0124,48Z,False
46,11,46A|46B|46C|46D|46E|46F|46G|46H|46I|46J|46Z,-3.3417,0.3178,3.6595,0.3178,0.2915,46G,-2.7122,46F,False
10,3,10A|10B|10Z,-3.081,0.0475,3.1285,0.0475,0.0475,10Z,-2.8267,10B,False
20,8,20A|20B|20C|20D|20E|20F|20G|20Z,-2.6211,0.8417,3.4628,0.8417,0.5978,20Z,-2.9551,20D,False
09,8,09A|09B|09C|09D|09E|09F|09G|09Z,-2.191,1.1569,3.3479,1.1569,0.9065,09D,-1.2954,09B,False
35,17,35A|35B|35C|35D|35E|35F|35G|35H|35I|35J|35K|35L|35M|35N|35O|35P|35Z,-2.1428,4.2539,6.3967,4.2539,1.6981,35O,-4.1837,35L,False
01,7,01B|01C|01D|01E|01F|01G|01H,-1.5233,0.1623,1.6856,0.1623,0.1623,01G,-1.4919,01H,False
22,10,22A|22B|22C|22D|22E|22F|22G|22H|22I|22Z,-1.4332,0.5443,1.9775,0.5443,0.4191,22A,-1.0032,22C,False
12,11,12A|12B|12C|12D|12E|12F|12G|12H|12I|12J|12K,-1.3545,1.2047,2.5592,1.2047,0.3716,12J,-1.7244,12A,False
19,4,19A|19B|19C|19Z,-1.3295,0.1209,1.4504,0.1209,0.1209,19Z,-1.3996,19B,False
06,12,06F|06G|06H|06I|06J|06K|06L|06N|06O|06P|06Q|06Z,-1.2701,0.2662,1.5363,0.2662,0.2238,06G,-0.647,06H,False
31,8,31A|31B|31C|31D|31E|31F|31G|31Z,-1.042,0.0216,1.0636,0.0216,0.0216,31F,-0.5035,31A,False
02,7,02A|02B|02C|02D|02E|02F|02Z,-1.0126,0.0244,1.037,0.0244,0.0131,02B,-0.9023,02A,False
50,1,50,-0.8235,0,0.8235,0,0.0,,-0.8235,50,False
26,2,26A|26B,-0.7045,0.0544,0.7589,0.0544,0.0544,26A,-0.7589,26B,False
15,1,15,-0.5056,0,0.5056,0,0.0,,-0.5056,15,False
43,15,43A|43C|43E|43F|43G|43H|43I|43J|43K|43L|43M|43N|43P|43R|43S,-0.4758,0.093,0.5688,0.093,0.0922,43R,-0.1796,43E,False
05,10,05A|05C|05E|05F|05I|05K|05L|05M|05O|05Z,-0.4188,0.0433,0.4621,0.0433,0.0291,05Z,-0.1856,05L,False
13,4,13A|13B|13C|13Z,-0.3146,0.0224,0.337,0.0224,0.0223,13B,-0.2244,13Z,False
32,9,32A|32B|32C|32D|32F|32G|32H|32I|32Z,-0.3001,0.0182,0.3183,0.0182,0.0121,32G,-0.2019,32D,False
52,1,52,-0.173,0,0.173,0,0.0,,-0.173,52,False
58,1,58,-0.1355,0,0.1355,0,0.0,,-0.1355,58,False
08,1,08,-0.1128,0,0.1128,0,0.0,,-0.1128,08,False
39,4,39A|39B|39C|39F,-0.1053,0.1144,0.2197,0.1144,0.1144,39F,-0.1665,39A,False
47,13,47A|47B|47C|47D|47E|47F|47G|47H|47I|47J|47M|47N|47O,-0.0981,0.7936,0.8917,0.7936,0.4092,47E,-0.6797,47N,False
53,3,53A|53B|53C,-0.0974,0.0263,0.1237,0.0263,0.0263,53A,-0.0873,53C,False
59,1,59,-0.0834,0,0.0834,0,0.0,,-0.0834,59,False
17,7,17A|17C|17D|17E|17F|17G|17Z,-0.0559,0.035,0.0909,0.035,0.0167,17C,-0.0909,17Z,False
45,1,45,-0.0448,0,0.0448,0,0.0,,-0.0448,45,False
57,1,57,-0.0268,0,0.0268,0,0.0,,-0.0268,57,False
25,3,25A|25B|25Z,-0.0089,0.0007,0.0096,0.0007,0.0007,25Z,-0.0086,25A,False
40,1,40,-0.0025,0,0.0025,0,0.0,,-0.0025,40,False
24,4,24B|24F|24G|24Z,0.0022,0.0038,0.0016,0.0016,0.0021,24Z,-0.0016,24G,False
34,4,34A|34B|34C|34Z,0.0071,0.0213,0.0142,0.0142,0.0207,34Z,-0.0098,34C,False
04,3,04A|04C|04F,0.0147,0.0152,0.0005,0.0005,0.0146,04A,-0.0005,04C,False
37,11,37A|37B|37C|37D|37E|37F|37G|37H|37I|37J|37Z,0.0216,0.7027,0.6811,0.6811,0.3775,37H,-0.3362,37A,False
07,4,07B|07C|07E|07F,0.038,0.0593,0.0213,0.0213,0.0593,07C,-0.0174,07F,False
33,12,33A|33B|33C|33D|33E|33F|33G|33H|33I|33J|33K|33Z,0.0381,7.2438,7.2057,7.2057,6.2601,33B,-2.9625,33D,True
16,2,16A|16Z,0.0407,0.0407,0,0,0.0378,16Z,0.0,,False
14,5,14A|14B|14C|14D|14Z,0.0537,0.1811,0.1274,0.1274,0.0786,14C,-0.0797,14B,False
03,8,03B|03C|03E|03F|03G|03H|03I|03Z,0.065,0.1077,0.0427,0.0427,0.0812,03I,-0.0252,03H,False
23,11,23A|23B|23C|23D|23E|23F|23G|23H|23I|23J|23Z,0.0819,0.4483,0.3664,0.3664,0.2323,23Z,-0.1375,23B,False
41,10,41A|41B|41C|41D|41E|41F|41G|41H|41I|41Z,0.0916,0.1042,0.0126,0.0126,0.0542,41C,-0.0062,41F,False
11,5,11A|11B|11C|11D|11E,0.6138,0.9046,0.2908,0.2908,0.5516,11D,-0.2908,11C,False
54,1,54,1.2581,1.2581,0,0,1.2581,54,0.0,,False
18,1,18,1.4688,1.4688,0,0,1.4688,18,0.0,,False
36,3,36A|36B|36Z,1.5341,1.5929,0.0588,0.0588,1.5901,36A,-0.0588,36Z,False
56,2,56A|56C,1.6903,1.6903,0,0,1.6353,56A,0.0,,False
27,3,27A|27B|27Z,2.2775,2.2775,0,0,1.4479,27Z,0.0,,False
38,9,38A|38B|38C|38D|38E|38F|38G|38H|38I,2.7571,4.0545,1.2974,1.2974,2.8774,38I,-1.0151,38C,False
28,2,28A|28Z,14.6388,18.2014,3.5626,3.5626,18.2014,28A,-3.5626,28Z,False
55,1,55,16.6839,16.6839,0,0,16.6839,55,0.0,,False
