anio_archivo,anio_ocurrencia,defunciones
2005,1901,1
2005,1903,1
2005,1905,3
2005,1908,1
2005,1909,1
2005,1911,1
2005,1913,1
2005,1914,1
2005,1915,1
2005,1918,1
2005,1920,1
2005,1921,1
2005,1924,2
2005,1925,3
2005,1926,1
2005,1927,1
2005,1928,3
2005,1929,1
2005,1932,2
2005,1934,2
2005,1937,3
2005,1939,2
2005,1940,2
2005,1941,1
2005,1943,2
2005,1944,2
2005,1945,3
2005,1946,3
2005,1947,4
2005,1948,2
2005,1949,6
2005,1950,6
2005,1951,2
2005,1952,4
2005,1953,2
2005,1954,5
2005,1955,4
2005,1956,4
2005,1957,9
2005,1958,4
2005,1959,7
2005,1960,7
2005,1961,2
2005,1962,6
2005,1963,5
2005,1964,9
2005,1965,11
2005,1966,9
2005,1967,6
2005,1968,6
2005,1969,10
2005,1970,13
2005,1971,9
2005,1972,14
2005,1973,12
2005,1974,17
2005,1975,18
2005,1976,18
2005,1977,13
2005,1978,10
2005,1979,19
2005,1980,17
2005,1981,6
2005,1982,16
2005,1983,17
2005,1984,20
2005,1985,25
2005,1986,19
2005,1987,27
2005,1988,33
2005,1989,22
2005,1990,39
2005,1991,45
2005,1992,63
2005,1993,56
2005,1994,51
2005,1995,74
2005,1996,72
2005,1997,103
2005,1998,73
2005,1999,109
2005,2000,146
2005,2001,161
2005,2002,227
2005,2003,430
2005,2004,7661
2005,2005,485376
2005,desconocido,32
2006,1901,1
2006,1906,3
2006,1908,1
2006,1912,1
2006,1913,1
2006,1914,3
2006,1915,1
2006,1916,1
2006,1918,4
2006,1920,2
2006,1921,2
2006,1922,1
2006,1926,1
2006,1928,1
2006,1929,1
2006,1930,3
2006,1934,3
2006,1935,6
2006,1936,1
2006,1937,1
2006,1938,2
2006,1939,1
2006,1940,4
2006,1941,1
2006,1942,4
2006,1943,3
2006,1944,4
2006,1945,1
2006,1946,2
2006,1947,4
2006,1948,2
2006,1949,3
2006,1950,4
2006,1952,5
2006,1953,6
2006,1954,5
2006,1955,5
2006,1956,6
2006,1957,8
2006,1958,6
2006,1959,1
2006,1960,10
2006,1961,8
2006,1962,6
2006,1963,12
2006,1964,12
2006,1965,11
2006,1966,11
2006,1967,10
2006,1968,15
2006,1969,10
2006,1970,11
2006,1971,9
2006,1972,15
2006,1973,12
2006,1974,16
2006,1975,19
2006,1976,22
2006,1977,15
2006,1978,17
2006,1979,22
2006,1980,15
2006,1981,16
2006,1982,26
2006,1983,17
2006,1984,23
2006,1985,33
2006,1986,18
2006,1987,25
2006,1988,37
2006,1989,31
2006,1990,41
2006,1991,51
2006,1992,57
2006,1993,52
2006,1994,65
2006,1995,62
2006,1996,78
2006,1997,84
2006,1998,92
2006,1999,91
2006,2000,149
2006,2001,140
2006,2002,180
2006,2003,260
2006,2004,442
2006,2005,8792
2006,2006,483178
2006,desconocido,38
2007,1906,1
2007,1907,2
2007,1909,1
2007,1916,1
2007,1917,1
2007,1920,1
2007,1923,1
2007,1924,2
2007,1925,1
2007,1927,2
2007,1928,1
2007,1929,3
2007,1930,2
2007,1931,3
2007,1932,2
2007,1935,1
2007,1937,2
2007,1938,1
2007,1939,2
2007,1943,4
2007,1944,5
2007,1945,2
2007,1946,2
2007,1947,3
2007,1948,1
2007,1949,1
2007,1950,4
2007,1952,1
2007,1953,4
2007,1955,4
2007,1956,1
2007,1957,7
2007,1958,4
2007,1959,2
2007,1960,4
2007,1961,2
2007,1962,4
2007,1963,5
2007,1964,3
2007,1965,5
2007,1966,1
2007,1967,5
2007,1968,3
2007,1969,5
2007,1970,9
2007,1971,5
2007,1972,7
2007,1973,12
2007,1974,9
2007,1975,9
2007,1976,10
2007,1977,10
2007,1978,9
2007,1979,5
2007,1980,9
2007,1981,13
2007,1982,4
2007,1983,15
2007,1984,21
2007,1985,16
2007,1986,18
2007,1987,14
2007,1988,19
2007,1989,13
2007,1990,21
2007,1991,28
2007,1992,34
2007,1993,40
2007,1994,34
2007,1995,50
2007,1996,35
2007,1997,56
2007,1998,53
2007,1999,79
2007,2000,88
2007,2001,107
2007,2002,153
2007,2003,144
2007,2004,224
2007,2005,444
2007,2006,9121
2007,2007,503322
2007,desconocido,48
2008,1907,1
2008,1920,2
2008,1921,1
2008,1923,2
2008,1926,2
2008,1928,1
2008,1929,1
2008,1930,2
2008,1931,2
2008,1932,1
2008,1934,3
2008,1935,2
2008,1936,1
2008,1938,1
2008,1939,1
2008,1940,4
2008,1941,2
2008,1942,2
2008,1943,2
2008,1944,2
2008,1945,3
2008,1947,2
2008,1948,1
2008,1950,2
2008,1952,3
2008,1953,3
2008,1954,1
2008,1955,2
2008,1956,1
2008,1957,1
2008,1958,2
2008,1959,2
2008,1960,2
2008,1961,4
2008,1962,3
2008,1964,4
2008,1965,1
2008,1966,3
2008,1967,4
2008,1968,6
2008,1969,3
2008,1970,7
2008,1971,2
2008,1972,7
2008,1973,6
2008,1974,1
2008,1975,10
2008,1976,6
2008,1977,12
2008,1978,12
2008,1979,13
2008,1980,9
2008,1981,5
2008,1982,10
2008,1983,11
2008,1984,10
2008,1985,11
2008,1986,11
2008,1987,20
2008,1988,22
2008,1989,18
2008,1990,21
2008,1991,28
2008,1992,43
2008,1993,35
2008,1994,30
2008,1995,44
2008,1996,49
2008,1997,43
2008,1998,41
2008,1999,69
2008,2000,143
2008,2001,76
2008,2002,100
2008,2003,117
2008,2004,304
2008,2005,380
2008,2006,506
2008,2007,9086
2008,2008,528093
2008,desconocido,31
2009,1917,2
2009,1920,2
2009,1922,2
2009,1925,1
2009,1926,1
2009,1927,2
2009,1930,2
2009,1931,1
2009,1932,1
2009,1933,1
2009,1935,3
2009,1936,3
2009,1937,1
2009,1938,4
2009,1939,2
2009,1940,4
2009,1941,3
2009,1942,1
2009,1943,1
2009,1944,1
2009,1945,2
2009,1947,2
2009,1948,5
2009,1949,3
2009,1950,2
2009,1952,1
2009,1953,1
2009,1954,3
2009,1955,2
2009,1956,3
2009,1957,7
2009,1958,6
2009,1959,4
2009,1960,7
2009,1961,5
2009,1962,9
2009,1963,6
2009,1964,3
2009,1965,8
2009,1966,8
2009,1967,7
2009,1968,5
2009,1969,10
2009,1970,6
2009,1971,6
2009,1972,11
2009,1973,11
2009,1974,7
2009,1975,13
2009,1976,15
2009,1977,10
2009,1978,12
2009,1979,13
2009,1980,11
2009,1981,14
2009,1982,18
2009,1983,12
2009,1984,16
2009,1985,23
2009,1986,15
2009,1987,17
2009,1988,23
2009,1989,28
2009,1990,32
2009,1991,26
2009,1992,33
2009,1993,52
2009,1994,44
2009,1995,61
2009,1996,52
2009,1997,70
2009,1998,59
2009,1999,72
2009,2000,132
2009,2001,91
2009,2002,96
2009,2003,136
2009,2004,192
2009,2005,260
2009,2006,324
2009,2007,664
2009,2008,9481
2009,2009,552066
2009,desconocido,302
2010,1901,4
2010,1906,1
2010,1908,1
2010,1910,4
2010,1915,1
2010,1917,2
2010,1918,1
2010,1919,2
2010,1923,1
2010,1925,1
2010,1930,1
2010,1936,1
2010,1938,1
2010,1939,2
2010,1940,2
2010,1941,1
2010,1943,3
2010,1944,2
2010,1945,3
2010,1946,3
2010,1948,1
2010,1949,1
2010,1950,3
2010,1952,1
2010,1953,2
2010,1955,3
2010,1956,2
2010,1957,1
2010,1958,2
2010,1959,2
2010,1960,6
2010,1961,2
2010,1962,6
2010,1963,1
2010,1965,4
2010,1966,5
2010,1967,3
2010,1968,4
2010,1969,2
2010,1970,3
2010,1971,4
2010,1972,11
2010,1973,7
2010,1974,7
2010,1975,10
2010,1976,5
2010,1977,7
2010,1978,7
2010,1979,9
2010,1980,4
2010,1981,6
2010,1982,6
2010,1983,12
2010,1984,7
2010,1985,9
2010,1986,10
2010,1987,5
2010,1988,13
2010,1989,15
2010,1990,24
2010,1991,19
2010,1992,19
2010,1993,27
2010,1994,36
2010,1995,41
2010,1996,35
2010,1997,39
2010,1998,35
2010,1999,38
2010,2000,87
2010,2001,59
2010,2002,76
2010,2003,78
2010,2004,103
2010,2005,141
2010,2006,177
2010,2007,314
2010,2008,425
2010,2009,10260
2010,2010,579701
2010,desconocido,39
2011,1901,1
2011,1910,1
2011,1911,11
2011,1920,2
2011,1921,2
2011,1922,3
2011,1923,1
2011,1925,2
2011,1926,1
2011,1927,1
2011,1930,3
2011,1933,2
2011,1936,2
2011,1940,2
2011,1941,1
2011,1942,3
2011,1943,3
2011,1945,3
2011,1946,3
2011,1947,1
2011,1948,2
2011,1949,1
2011,1950,3
2011,1951,2
2011,1952,1
2011,1953,3
2011,1956,2
2011,1957,4
2011,1958,2
2011,1959,1
2011,1960,2
2011,1961,1
2011,1963,1
2011,1964,3
2011,1965,5
2011,1966,4
2011,1967,6
2011,1969,6
2011,1970,5
2011,1971,1
2011,1972,3
2011,1973,3
2011,1974,3
2011,1975,5
2011,1976,4
2011,1977,2
2011,1978,8
2011,1979,7
2011,1980,9
2011,1981,11
2011,1982,11
2011,1983,17
2011,1984,11
2011,1985,13
2011,1986,10
2011,1987,18
2011,1988,14
2011,1989,13
2011,1990,11
2011,1991,24
2011,1992,22
2011,1993,21
2011,1994,33
2011,1995,27
2011,1996,40
2011,1997,39
2011,1998,26
2011,1999,43
2011,2000,48
2011,2001,163
2011,2002,41
2011,2003,71
2011,2004,93
2011,2005,99
2011,2006,150
2011,2007,177
2011,2008,237
2011,2009,432
2011,2010,11825
2011,2011,576662
2011,desconocido,144
2012,1900,1
2012,1901,1
2012,1909,1
2012,1910,1
2012,1911,1
2012,1912,24
2012,1915,1
2012,1920,2
2012,1925,1
2012,1928,1
2012,1929,3
2012,1932,1
2012,1933,1
2012,1936,1
2012,1937,2
2012,1939,1
2012,1940,1
2012,1941,1
2012,1942,2
2012,1943,2
2012,1945,3
2012,1946,1
2012,1947,1
2012,1949,2
2012,1950,5
2012,1954,2
2012,1955,4
2012,1958,2
2012,1959,2
2012,1960,3
2012,1961,3
2012,1962,2
2012,1963,4
2012,1964,6
2012,1965,3
2012,1966,4
2012,1967,5
2012,1969,4
2012,1970,6
2012,1971,1
2012,1972,7
2012,1973,3
2012,1974,2
2012,1975,4
2012,1976,5
2012,1977,5
2012,1978,6
2012,1979,2
2012,1980,12
2012,1981,12
2012,1982,10
2012,1983,10
2012,1984,11
2012,1985,15
2012,1986,15
2012,1987,10
2012,1988,13
2012,1989,7
2012,1990,18
2012,1991,20
2012,1992,23
2012,1993,29
2012,1994,29
2012,1995,31
2012,1996,26
2012,1997,44
2012,1998,67
2012,1999,72
2012,2000,80
2012,2001,106
2012,2002,100
2012,2003,89
2012,2004,98
2012,2005,159
2012,2006,154
2012,2007,140
2012,2008,177
2012,2009,297
2012,2010,602
2012,2011,11778
2012,2012,587826
2012,desconocido,128
2013,1926,1
2013,1927,1
2013,1931,2
2013,1933,1
2013,1936,1
2013,1937,2
2013,1939,1
2013,1942,2
2013,1944,2
2013,1946,1
2013,1947,2
2013,1948,2
2013,1952,1
2013,1953,2
2013,1955,2
2013,1956,2
2013,1958,3
2013,1959,1
2013,1960,3
2013,1961,2
2013,1962,2
2013,1963,2
2013,1964,3
2013,1965,2
2013,1966,2
2013,1967,2
2013,1969,1
2013,1970,2
2013,1971,4
2013,1972,4
2013,1973,1
2013,1974,3
2013,1975,2
2013,1976,7
2013,1977,5
2013,1978,5
2013,1980,7
2013,1981,4
2013,1982,6
2013,1983,2
2013,1984,11
2013,1985,7
2013,1986,11
2013,1987,6
2013,1988,13
2013,1989,16
2013,1990,12
2013,1991,16
2013,1992,18
2013,1993,20
2013,1994,18
2013,1995,26
2013,1996,28
2013,1997,31
2013,1998,28
2013,1999,31
2013,2000,44
2013,2001,43
2013,2002,37
2013,2003,62
2013,2004,59
2013,2005,86
2013,2006,83
2013,2007,87
2013,2008,139
2013,2009,181
2013,2010,326
2013,2011,701
2013,2012,13337
2013,2013,607882
2013,desconocido,140
2014,1900,2
2014,1914,1
2014,1915,1
2014,1919,1
2014,1924,1
2014,1929,1
2014,1930,2
2014,1932,4
2014,1934,3
2014,1935,1
2014,1936,1
2014,1938,1
2014,1939,1
2014,1941,1
2014,1944,1
2014,1945,1
2014,1948,1
2014,1950,2
2014,1951,1
2014,1952,3
2014,1953,4
2014,1954,2
2014,1956,1
2014,1957,2
2014,1958,5
2014,1959,1
2014,1960,2
2014,1961,2
2014,1962,1
2014,1963,6
2014,1964,2
2014,1965,4
2014,1966,2
2014,1967,4
2014,1968,1
2014,1969,2
2014,1970,4
2014,1971,2
2014,1972,5
2014,1973,2
2014,1974,1
2014,1975,2
2014,1976,3
2014,1977,2
2014,1978,3
2014,1979,5
2014,1980,9
2014,1981,5
2014,1982,5
2014,1983,6
2014,1984,5
2014,1985,6
2014,1986,10
2014,1987,10
2014,1988,14
2014,1989,6
2014,1990,11
2014,1991,10
2014,1992,14
2014,1993,19
2014,1994,20
2014,1995,21
2014,1996,21
2014,1997,24
2014,1998,29
2014,1999,38
2014,2000,34
2014,2001,31
2014,2002,33
2014,2003,40
2014,2004,66
2014,2005,62
2014,2006,82
2014,2007,82
2014,2008,105
2014,2009,145
2014,2010,231
2014,2011,300
2014,2012,629
2014,2013,13133
2014,2014,618097
2014,desconocido,188
2015,1914,1
2015,1932,1
2015,1935,1
2015,1940,2
2015,1946,2
2015,1947,1
2015,1948,2
2015,1951,2
2015,1952,1
2015,1953,2
2015,1954,2
2015,1955,2
2015,1956,1
2015,1957,1
2015,1959,3
2015,1960,3
2015,1961,1
2015,1962,1
2015,1963,2
2015,1964,1
2015,1965,3
2015,1966,3
2015,1967,4
2015,1968,3
2015,1969,3
2015,1970,2
2015,1971,3
2015,1972,2
2015,1973,4
2015,1974,2
2015,1975,4
2015,1976,6
2015,1977,4
2015,1978,4
2015,1979,3
2015,1980,8
2015,1981,6
2015,1982,4
2015,1983,5
2015,1984,5
2015,1985,6
2015,1986,12
2015,1987,10
2015,1988,6
2015,1989,12
2015,1990,14
2015,1991,13
2015,1992,9
2015,1993,19
2015,1994,13
2015,1995,14
2015,1996,22
2015,1997,28
2015,1998,22
2015,1999,20
2015,2000,25
2015,2001,27
2015,2002,37
2015,2003,35
2015,2004,31
2015,2005,58
2015,2006,45
2015,2007,71
2015,2008,73
2015,2009,127
2015,2010,151
2015,2011,233
2015,2012,335
2015,2013,590
2015,2014,12488
2015,2015,640890
2015,desconocido,142
2016,1923,1
2016,1927,1
2016,1929,1
2016,1930,1
2016,1933,1
2016,1935,1
2016,1938,1
2016,1940,1
2016,1941,2
2016,1943,2
2016,1944,1
2016,1945,2
2016,1946,1
2016,1947,1
2016,1948,1
2016,1950,2
2016,1951,2
2016,1952,3
2016,1954,4
2016,1957,1
2016,1960,2
2016,1961,1
2016,1964,2
2016,1966,1
2016,1967,2
2016,1968,5
2016,1970,3
2016,1971,2
2016,1972,3
2016,1973,5
2016,1974,2
2016,1975,4
2016,1976,7
2016,1977,4
2016,1978,4
2016,1979,1
2016,1980,8
2016,1981,3
2016,1982,9
2016,1983,4
2016,1984,6
2016,1985,7
2016,1986,2
2016,1987,4
2016,1988,12
2016,1989,7
2016,1990,8
2016,1991,3
2016,1992,16
2016,1993,18
2016,1994,18
2016,1995,14
2016,1996,10
2016,1997,11
2016,1998,30
2016,1999,23
2016,2000,28
2016,2001,31
2016,2002,37
2016,2003,35
2016,2004,29
2016,2005,59
2016,2006,59
2016,2007,66
2016,2008,75
2016,2009,114
2016,2010,140
2016,2011,145
2016,2012,234
2016,2013,333
2016,2014,531
2016,2015,11884
2016,2016,671536
2016,desconocido,139
2017,1943,1
2017,1949,1
2017,1950,1
2017,1951,1
2017,1954,1
2017,1955,1
2017,1958,2
2017,1962,1
2017,1964,1
2017,1965,2
2017,1966,1
2017,1967,3
2017,1968,1
2017,1970,4
2017,1971,6
2017,1972,1
2017,1973,2
2017,1974,3
2017,1975,2
2017,1976,1
2017,1977,2
2017,1978,2
2017,1979,2
2017,1980,3
2017,1981,3
2017,1982,2
2017,1983,4
2017,1984,7
2017,1985,6
2017,1986,10
2017,1987,10
2017,1988,4
2017,1989,6
2017,1990,7
2017,1991,10
2017,1992,16
2017,1993,16
2017,1994,14
2017,1995,14
2017,1996,17
2017,1997,21
2017,1998,18
2017,1999,12
2017,2000,26
2017,2001,25
2017,2002,16
2017,2003,24
2017,2004,37
2017,2005,44
2017,2006,52
2017,2007,51
2017,2008,58
2017,2009,73
2017,2010,111
2017,2011,132
2017,2012,173
2017,2013,195
2017,2014,330
2017,2015,491
2017,2016,12369
2017,2017,688468
2017,desconocido,130
2018,1935,1
2018,1947,1
2018,1949,1
2018,1952,1
2018,1953,1
2018,1955,3
2018,1957,2
2018,1959,1
2018,1960,1
2018,1962,1
2018,1963,2
2018,1964,1
2018,1965,1
2018,1968,2
2018,1969,2
2018,1970,1
2018,1971,6
2018,1972,7
2018,1973,1
2018,1975,3
2018,1976,3
2018,1977,3
2018,1979,4
2018,1980,7
2018,1981,4
2018,1982,4
2018,1983,5
2018,1984,3
2018,1985,5
2018,1986,8
2018,1987,8
2018,1988,6
2018,1989,2
2018,1990,10
2018,1991,16
2018,1992,6
2018,1993,12
2018,1994,16
2018,1995,14
2018,1996,18
2018,1997,21
2018,1998,20
2018,1999,20
2018,2000,30
2018,2001,26
2018,2002,17
2018,2003,25
2018,2004,32
2018,2005,41
2018,2006,40
2018,2007,51
2018,2008,65
2018,2009,54
2018,2010,85
2018,2011,115
2018,2012,116
2018,2013,150
2018,2014,194
2018,2015,348
2018,2016,705
2018,2017,14737
2018,2018,705149
2018,desconocido,377
2019,1934,1
2019,1940,1
2019,1946,2
2019,1951,1
2019,1955,1
2019,1960,1
2019,1961,2
2019,1962,1
2019,1963,2
2019,1964,2
2019,1965,1
2019,1967,1
2019,1968,3
2019,1969,4
2019,1970,2
2019,1972,1
2019,1973,1
2019,1974,1
2019,1976,2
2019,1977,2
2019,1978,5
2019,1979,3
2019,1980,6
2019,1981,2
2019,1982,7
2019,1983,7
2019,1984,5
2019,1985,6
2019,1986,8
2019,1987,10
2019,1988,5
2019,1989,6
2019,1990,6
2019,1991,10
2019,1992,9
2019,1993,12
2019,1994,25
2019,1995,15
2019,1996,15
2019,1997,10
2019,1998,12
2019,1999,18
2019,2000,22
2019,2001,23
2019,2002,15
2019,2003,28
2019,2004,32
2019,2005,36
2019,2006,46
2019,2007,53
2019,2008,62
2019,2009,71
2019,2010,74
2019,2011,100
2019,2012,100
2019,2013,158
2019,2014,155
2019,2015,190
2019,2016,313
2019,2017,671
2019,2018,16135
2019,2019,729057
2019,desconocido,209
2020,1945,1
2020,1948,1
2020,1951,1
2020,1952,1
2020,1953,4
2020,1963,1
2020,1965,2
2020,1966,2
2020,1970,1
2020,1972,2
2020,1975,1
2020,1976,2
2020,1977,1
2020,1978,3
2020,1979,2
2020,1980,3
2020,1982,1
2020,1983,3
2020,1984,4
2020,1985,1
2020,1986,1
2020,1987,3
2020,1988,4
2020,1989,4
2020,1990,6
2020,1991,4
2020,1992,8
2020,1993,5
2020,1994,8
2020,1995,12
2020,1996,10
2020,1997,12
2020,1998,7
2020,1999,14
2020,2000,7
2020,2001,6
2020,2002,10
2020,2003,22
2020,2004,17
2020,2005,27
2020,2006,17
2020,2007,30
2020,2008,39
2020,2009,32
2020,2010,40
2020,2011,50
2020,2012,64
2020,2013,52
2020,2014,90
2020,2015,101
2020,2016,149
2020,2017,238
2020,2018,546
2020,2019,14425
2020,2020,1069958
2020,desconocido,688
2021,1918,1
2021,1940,1
2021,1943,1
2021,1946,2
2021,1948,1
2021,1949,1
2021,1950,1
2021,1961,3
2021,1967,1
2021,1968,5
2021,1969,2
2021,1970,1
2021,1972,2
2021,1973,3
2021,1978,2
2021,1979,1
2021,1980,3
2021,1981,2
2021,1982,6
2021,1983,2
2021,1984,2
2021,1985,4
2021,1986,2
2021,1987,2
2021,1988,5
2021,1989,6
2021,1990,10
2021,1991,8
2021,1992,7
2021,1993,9
2021,1994,17
2021,1995,4
2021,1996,10
2021,1997,14
2021,1998,20
2021,1999,12
2021,2000,17
2021,2001,25
2021,2002,17
2021,2003,13
2021,2004,29
2021,2005,28
2021,2006,22
2021,2007,22
2021,2008,42
2021,2009,55
2021,2010,61
2021,2011,64
2021,2012,74
2021,2013,102
2021,2014,123
2021,2015,178
2021,2016,248
2021,2017,304
2021,2018,430
2021,2019,997
2021,2020,20618
2021,2021,1098301
2021,desconocido,306
2022,1922,1
2022,1937,1
2022,1944,1
2022,1945,2
2022,1947,1
2022,1951,2
2022,1952,1
2022,1958,2
2022,1960,1
2022,1963,3
2022,1964,1
2022,1966,2
2022,1967,3
2022,1968,4
2022,1970,1
2022,1971,2
2022,1972,2
2022,1973,2
2022,1974,2
2022,1975,1
2022,1976,1
2022,1977,1
2022,1978,1
2022,1979,2
2022,1980,2
2022,1981,4
2022,1982,3
2022,1983,1
2022,1984,2
2022,1985,5
2022,1986,5
2022,1987,5
2022,1988,4
2022,1989,8
2022,1990,2
2022,1991,4
2022,1992,7
2022,1993,9
2022,1994,12
2022,1995,16
2022,1996,11
2022,1997,16
2022,1998,14
2022,1999,15
2022,2000,23
2022,2001,16
2022,2002,21
2022,2003,18
2022,2004,28
2022,2005,30
2022,2006,50
2022,2007,50
2022,2008,62
2022,2009,99
2022,2010,78
2022,2011,61
2022,2012,63
2022,2013,80
2022,2014,85
2022,2015,108
2022,2016,144
2022,2017,190
2022,2018,275
2022,2019,547
2022,2020,1507
2022,2021,17834
2022,2022,825830
2022,desconocido,332
2023,1900,1
2023,1961,1
2023,1963,4
2023,1964,4
2023,1965,1
2023,1966,1
2023,1968,2
2023,1969,3
2023,1971,2
2023,1973,4
2023,1974,3
2023,1975,4
2023,1976,2
2023,1977,1
2023,1978,4
2023,1979,1
2023,1980,3
2023,1981,7
2023,1982,4
2023,1983,2
2023,1984,7
2023,1985,5
2023,1986,6
2023,1987,5
2023,1988,2
2023,1989,5
2023,1990,3
2023,1991,7
2023,1992,9
2023,1993,8
2023,1994,4
2023,1995,12
2023,1996,15
2023,1997,10
2023,1998,13
2023,1999,17
2023,2000,12
2023,2001,15
2023,2002,10
2023,2003,18
2023,2004,23
2023,2005,31
2023,2006,20
2023,2007,29
2023,2008,33
2023,2009,51
2023,2010,56
2023,2011,43
2023,2012,53
2023,2013,65
2023,2014,71
2023,2015,83
2023,2016,118
2023,2017,168
2023,2018,226
2023,2019,347
2023,2020,734
2023,2021,1108
2023,2022,16847
2023,2023,779239
2023,desconocido,287
2024,1955,1
2024,1960,1
2024,1962,2
2024,1963,1
2024,1964,4
2024,1965,1
2024,1966,1
2024,1967,3
2024,1968,1
2024,1969,1
2024,1970,2
2024,1972,1
2024,1973,5
2024,1974,3
2024,1975,4
2024,1976,3
2024,1977,1
2024,1978,4
2024,1979,1
2024,1981,1
2024,1982,2
2024,1983,6
2024,1984,5
2024,1985,12
2024,1986,5
2024,1987,5
2024,1988,7
2024,1989,6
2024,1990,5
2024,1991,10
2024,1992,6
2024,1993,10
2024,1994,8
2024,1995,14
2024,1996,9
2024,1997,19
2024,1998,11
2024,1999,11
2024,2000,10
2024,2001,16
2024,2002,18
2024,2003,11
2024,2004,19
2024,2005,21
2024,2006,20
2024,2007,32
2024,2008,33
2024,2009,42
2024,2010,34
2024,2011,52
2024,2012,60
2024,2013,54
2024,2014,50
2024,2015,66
2024,2016,95
2024,2017,103
2024,2018,210
2024,2019,281
2024,2020,581
2024,2021,692
2024,2022,1105
2024,2023,17977
2024,2024,797566
2024,desconocido,332
